location7,count,mean,median,std,min,max
home,1280,53.3658671875,52.6,3.866410638499967,45.24,68.17
library,3116,57.41831193838254,57.49,5.429776128241726,44.17,77.32
co-working,44168,57.49928454990038,56.42,5.091715369040217,43.33,94.94
cafe,6052,59.54439358889623,58.26,4.797287403427166,48.22,92.13
moving,93953,66.96188104690644,67.54,4.505028095188468,31.78,83.7
